Designator,Quantity,Element UIDs,Part UID,Specification,Part Type,Domain,Compliance,JLCPCB Part Class,Operating Voltage,Operating Temperature,Reliability Target (MTBF),Role,Role Details,Software,Connector Type,Connector Gender,Connector Pitch,Connector Positions,Connector Rows,Power Requirements,Connectivity,Human Interface,Manufacturing Quantity Target,Manufacturer Part Number,LCSC Part Number,Digi-Key Part Number,Mouser Part Number,Arrow Part Number,Verical Part Number,TME Part Number,HQonline Part Number,Allow Substitutes,Manufacturer Name,Preferred Distributors,Datasheet URL,Machine Datasheet URL,Implementation Details,License,Package or Case Code,Pin Type,Voltage,Voltage Rating,Forward Voltage,Reverse Voltage,Max Reverse Voltage,Diode Type,Mount,Integrated Circuit Type,Breakdown Voltage,Threshold Voltage,Max Output Voltage,Min Output Voltage,Initial Voltage on Reset,Resistance,Resistor Type,Gate Resistance,On Resistance,Off Resistance,Tolerance,Capacitance,Capacitor Type,Power,Power Rating,Current,Max Current,Desired Temperature Rise,Current Rating,Leakage Current,Saturation Current,Initial Current on Reset,Trigger Current,Holding Current,Frequency,Logic Function,Inductance,Inductor Shielding,Inductor Type,Beta,Drain to Source Voltage,Continuous Drain Current,Transistor Type,Gain,Coupling Coefficient,Ratio,Reference Design URL,Price,Purchase Url,Product Info Url,Product Image Url,Substitute Manufacturer Part Number,KiCAD Library Reference,Exclude from PCB,Controlled Impedance,Controlled Impedance Tolerance,PN Skew Max,Pair to Pair Skew Max,Pin Delay,Controlled Impedance Pair,Bus Group,Pair Role,Pin Role,Bus Type,Symbol Style,Symbol Size,Net Type,Functional Group,Package,Designator Prefix
"C1,C2,C5","3","507ff2fe-90cc-4d58-a6af-867a09e73d5e,a77169c8-1715-4eb2-b777-814c81309d90,b14307ee-63df-4afd-a20e-dceb2dd4e786","46707925-236f-106b-e676-afa2757aa1d6","Non-Polarized Capacitor, 4.7uF, SMD_0805_2012Metric","Non-Polarized Capacitor","","","","","","","Decoupling,Bulk","AP7361C output stability X7R; upgraded 16 V rating,Protected VBUS bulk and AP7361C input capacitor; upgraded 16 V rating,STM32 3V3 package bulk X7R","","","","","","","","","","","C2012X7R1E475K125AB","","","","","","","","No,Yes","TDK","Digi-Key","","","","","","","","25V","","","","","","","","","","","","","","","","","10%","4.7uF","Ceramic","","","","","","","","","","","","","","","","","","","","","","","","","","","","","","","","","","","","","","","","","","","","","USB and Power,MCU Core","SMD_0805_2012Metric","C"
"C8","1","48b4a267-356f-4a7c-bcc6-8ca7743b89c3","46707925-236f-106b-e676-afa2757aa1d6","Non-Polarized Capacitor, 10nF, SMD_0603_1608Metric","Non-Polarized Capacitor","","","","","","","Decoupling","STM32 combined VDDA/VREF+ pin reference decoupling","","","","","","","","","","","C1608X7R1H103K080AA","","","","","","","","Yes","TDK","Digi-Key","","","","","","","","50V","","","","","","","","","","","","","","","","","10%","10nF","Ceramic","","","","","","","","","","","","","","","","","","","","","","","","","","","","","","","","","","","","","","","","","","","","","MCU Core,Analog Front Ends","SMD_0603_1608Metric","C"
"C10,C11,C26,C28,C29,C3,C30,C4,C6","9","07055abd-c286-42f5-8bc1-141e9dab9623,1c1a307c-122d-471d-929a-810d63c0b74e,2474921e-9d13-4c0f-813b-43a3c641a74a,45b2e241-041e-48d4-9b37-82d3c63b01cf,5c2c501f-b340-4152-bedc-60aab2535866,609ffcab-a4e7-44b5-912c-3e1f6bedd3dc,62a8e841-5f55-4a40-ac7e-f8bdf37b79d9,a5dc416a-6bcf-4168-9a54-0dfb0b6c4d9f,fad8ae51-bc0c-4d9d-8295-8c51252a0c28","46707925-236f-106b-e676-afa2757aa1d6","Non-Polarized Capacitor, 100nF, SMD_0603_1608Metric","Non-Polarized Capacitor","","","","","","","Decoupling,Filtering,Debouncing","STM32 VDD pin 17 X7R decoupling,ERM19296-1 VDD X7R local decoupling,TLV9062 VDDA X7R decoupling,STM32 NRST X7R filter capacitor,STM32 VDD pin 1 X7R decoupling,MODE MCU-side X7R filter to GND,STM32 VDDA X7R decoupling,SELECT MCU-side X7R filter to GND,RUN_STOP MCU-side X7R filter to GND","","","","","","","","","","","C1608X7R1H104K080AA","","","","","","","","Yes","TDK","Digi-Key","","","","","","","","50V","","","","","","","","","","","","","","","","","10%","100nF","Ceramic","","","","","","","","","","","","","","","","","","","","","","","","","","","","","","","","","","","","","","","","","","","","","MCU Core,LCD and Backlight,Analog Front Ends,MCU Core,Debug,User Interface,MCU Core,Analog Front Ends","SMD_0603_1608Metric","C"
"C12,C13,C14,C19,C20,C21","6","44c88abb-7646-460e-b5ed-512217eabf26,5f6573f2-83d3-41ef-8291-f3da05a40f25,88f7f6a8-ac8e-4269-a737-f2414e70702d,b1b3125e-3f0c-445a-8bd6-8726e747df6f,d3fba8cc-91ff-4a26-b29d-9b658be6b689,d8cd7786-2718-4e7e-945e-c72178ee7c6a","46707925-236f-106b-e676-afa2757aa1d6","Non-Polarized Capacitor, 12pF, SMD_0603_1608Metric","Non-Polarized Capacitor","","","","","","","Filtering","CH1 C0G compensation across second 300k section,CH2 C0G compensation across second 300k section,CH2 C0G compensation across third 300k section,CH2 C0G compensation across first 300k section,CH1 C0G compensation across third 300k section,CH1 C0G compensation across first 300k section","","","","","","","","","","","C0603C120J5GACTU","","","","","","","","No","KEMET","Mouser","","","","","","","","50V","","","","","","","","","","","","","","","","","5%","12pF","Ceramic","","","","","","","","","","","","","","","","","","","","","","","","","","","","","","","","","","","","","","","","","","","","","Analog CH1,Analog CH2","SMD_0603_1608Metric","C"
"C15,C22","2","5a5403ae-f7ec-4969-8677-1036d47112f2,fb10ea0c-963a-4326-a62a-83430abc95db","46707925-236f-106b-e676-afa2757aa1d6","Non-Polarized Capacitor, 8.2pF, SMD_0603_1608Metric","Non-Polarized Capacitor","","","","","","","Filtering","CH2 fitted C0G compensation across 200k low arm,CH1 fitted C0G compensation across 200k low arm","","","","","","","","","","","C0603C829C5GACTU","","","","","","","","No","KEMET","Mouser","","","","","","","","50V","","","","","","","","","","","","","","","","","250mpF","8.2pF","Ceramic","","","","","","","","","","","","","","","","","","","","","","","","","","","","","","","","","","","","","","","","","","","","","Analog CH2,Analog CH1","SMD_0603_1608Metric","C"
"C18,C25","2","04a74f72-cc18-41db-b48b-ffa3390e2932,eaa5ba89-d39e-4252-9542-75fd4c12a495","46707925-236f-106b-e676-afa2757aa1d6","Non-Polarized Capacitor, 1.0nF, SMD_0603_1608Metric","Non-Polarized Capacitor","","","","","","","Filtering","CH2 ADC-node C0G capacitor to AGND,CH1 ADC-node C0G capacitor to AGND","","","","","","","","","","","C0603C102J5GACTU","","","","","","","","No","KEMET","Mouser","","","","","","","","50V","","","","","","","","","","","","","","","","","5%","1.0nF","Ceramic","","","","","","","","","","","","","","","","","","","","","","","","","","","","","","","","","","","","","","","","","","","","","Analog CH2,Analog CH1","SMD_0603_1608Metric","C"
"C27,C7,C9","3","44f307e4-9fb5-40f0-8105-b6b88687b4ce,f1744d22-b5c3-42ae-89c5-8f4d047204da,f8967331-6302-4a48-a631-271aa97547b6","46707925-236f-106b-e676-afa2757aa1d6","Non-Polarized Capacitor, 1uF, SMD_0603_1608Metric","Non-Polarized Capacitor","","","","","","","Decoupling","STM32 VDDA X7R bulk decoupling,ERM19296-1 VDD X7R bulk decoupling,STM32 combined VDDA/VREF+ pin reference bulk decoupling","","","","","","","","","","","C1608X7R1E105K080AB","","","","","","","","Yes","TDK","Digi-Key","","","","","","","","25V","","","","","","","","","","","","","","","","","10%","1uF","Ceramic","","","","","","","","","","","","","","","","","","","","","","","","","","","","","","","","","","","","","","","","","","","","","MCU Core,Analog Front Ends,LCD and Backlight","SMD_0603_1608Metric","C"
"D1","1","644fa73c-ab13-4c32-af4e-9ae5d40629b7","ede918fe-d12f-9326-b363-0d369d8978a4","Protection","Protection","","","","","","","ESD Protection","Low-capacitance USB 2.0 D+/D- protection","","","","","","","","","","","USBLC6-2SC6","C7519","","","","","","","","STMicroelectronics","","","","","https://creativecommons.org/licenses/by/4.0/","","","","","","","","","","","","","","","","","","","","","","","","","","","","","","","","","","","","","","","","","","","","","","","","","","","","","","","","","","","","","","","","","parametric-v1","","","USB and Power","","D"
"D2","1","825e1366-be92-498c-99d0-403577434392","44bae1ef-87ae-49b6-926c-dafd44bdfe1a","Diode, D_SMA","Diode","","","","","","","Protection","5 V unidirectional SMA TVS; cathode to VBUS_PROT, anode to GND","","","","","","","","","","","SMAJ5.0A-TR","","","","","","","","","STMicroelectronics","","","","","https://creativecommons.org/licenses/by/4.0/","D_SMA","","","","","","","","","","","","","","","","","","","","","","","","","","","","","","","","","","","","","","","","","","","","","","","","","","","","","","","","","","","","","","","","","","","USB and Power","","D"
"D3,D4","2","0ab49397-071b-4149-a547-a48921419f4c,fa6bf076-ec24-4b3f-8720-997bf0d1ad38","a732f994-0c14-4edf-b230-2ffbc73326e0","Diodes - General Purpose, SOT-23_L2.9-W1.3-P1.90-LS2.4-BR","Diodes - General Purpose","","","Extended Part","","","","Input Protection","Pin1 AGND, pin3 CH1_CLAMP, pin2 VDDA,Pin1 AGND, pin3 CH2_CLAMP, pin2 VDDA","","","","","","","","","","","BAV199LT1G","C145516","","","","","","","","onsemi(安森美)","","","","","","SOT-23_L2.9-W1.3-P1.90-LS2.4-BR","","","","","","","","","","","","","","","","","","","","","","","","","","","","","","","","","","","","","","","","","","","","","","","","","","","","","","","","","","","","","","","","","","","Analog CH1,Analog CH2","","D"
"F1","1","abb55360-b0f9-4577-82fd-419696631092","9b51db7c-d7b9-4062-9b22-7a7367805b88","Resettable Fuses, F0805","Resettable Fuses","","","Extended Part","","","","Protection","0.35 A hold PPTC from VBUS_RAW to VBUS_PROT","","","","","","","","","","","MF-PSMF035X-2","C116172","","","","","","","","BOURNS","","","","","","F0805","","","","","","","","","","","","","","","","","","","","","","","","","","","","","","","","","","","","","","","","","","","","","","","","","","","","","","","","","","","","","","","","","","","USB and Power","","F"
"FB1","1","0945413f-2146-4cb4-a43d-b6dbf248f318","8974bc0d-da8d-40c8-b5c6-8302fa93355a","Ferrite Beads, L0805","Ferrite Beads","","","Extended Part","","","","Power Filtering","220 ohm at 100 MHz class ferrite from 3V3 to VDDA","","","","","","","","","","","BLM21PG221SZ1D","C437411","","","","","","","","muRata(村田)","","","","","","L0805","","","","","","","","","","","","","","","","","","","","","","","","","","","","","","","","","","","","","","","","","","","","","","","","","","","","","","","","","","","","","","","","","","","MCU Core,Analog Front Ends","","L"
"J1","1","d0dccfde-4a59-429b-bdf3-4360df2e97fd","1f364459-ed9b-46e8-a8eb-db60846ac79a","USB C, GCT_USB4215-03-A_REVA","USB C","","","","","","","External Interface","USB-C sink/device receptacle with independent CC1 and CC2 Rd","","","","","","","","","","","USB4215-03-A","","","","","","","","","GCT","","","","","https://creativecommons.org/licenses/by/4.0/","GCT_USB4215-03-A_REVA","","","","","","","","","","","","","","","","","","","","","","","","","","","","","","","","","","","","","","","","","","","","","","","","","","","","","","","","","","","","","","","","parametric-v1","","","USB and Power","","J"
"J2,J3","2","a4f4adfb-d4b5-4307-a555-8eed41cb8b15,be54f6e6-ae68-40b5-9df5-e59e4730fe56","d3e763d1-2219-4398-84be-8fc35b88cae4","Connector","Connector","","","","","","","Analog Input","CH2 ground-referenced 0-12 V rated BNC input,CH1 ground-referenced 0-12 V rated BNC input","","","","","","","","","","","0731000105","","","","","","","","","Molex","","","","","https://creativecommons.org/licenses/by/4.0/","","","","","","","","","","","","","","","","","","","","","","","","","","","","","","","","","","","","","","","","","","","","","","","","","","","","","","","","","","","","","","","","","","","","Analog CH2,Analog CH1","","J"
"J4","1","af7a8253-7fa3-4638-83b9-615303f649bd","c3a4e465-bcc2-4de8-a3e3-88a8c2aa066d","Connector","Connector","","","","","","","Display Interface","ERM19296-1 4-Wire SPI Pin Header Connection option, pins 1-20 per module datasheet","","","","","","","","","","","SSW-120-01-T-S","","","","","","","","","Samtec","","","","","https://creativecommons.org/licenses/by/4.0/","","","","","","","","","","","","","","","","","","","","","","","","","","","","","","","","","","","","","","","","","","","","","","","","","","","","","","","","","","","","","","","","","","","","LCD and Backlight","","J"
"J5","1","0aa9805f-2b7c-4edb-ad84-822d31d5386b","11562628-468b-4a10-b2f9-542488229a03","Connector, FTSH-107-XX-YYY-DV-K-P-TR","Connector","","","","","","","Debug Interface","STDC14 SWD, NRST, VTref and crossed VCP UART","","","","","","","","","","","FTSH-107-01-L-DV-K-P-TR","","","","","","","","","SAMTEC","","","","","https://creativecommons.org/licenses/by/4.0/","FTSH-107-XX-YYY-DV-K-P-TR","","","","","","","","","","","","","","","","","","","","","","","","","","","","","","","","","","","","","","","","","","","","","","","","","","","","","","","","","","","","","","","","","","","Debug","","J"
"LED1","1","0a12e2b0-e8d3-4337-a3eb-6898e7d543d6","5a7cabec-95ba-4c20-a28a-27e79ddc727d","LED, D_0603_1608Metric","LED","","","","","","","Indicator","Green 3V3 power indicator; anode from LED_POWER resistor, cathode to GND","","","","","","","","","","","APTD1608CGCK","","","","","","","","","Kingbright","","","","","https://creativecommons.org/licenses/by/4.0/","D_0603_1608Metric","","","","","","","","","","","","","","","","","","","","","","","","","","","","","","","","","","","","","","","","","","","","","","","","","","","","","","","","","","","","","","","","","","","User Interface","","LED"
"LED2","1","00bd85c6-c204-423b-a986-5b3f3daaa8b2","4de80c4a-927e-4120-ab8f-d7c4595dce3b","LED","LED","","","","","","","Indicator","RUN acquisition status LED","","","","","","","","","","","150060RS75000","","","","","","","","","Würth Elektronik","","","","","https://creativecommons.org/licenses/by/4.0/","","","","","","","","","Surface Mount","","","","","","","","","","","","","","","","","","","","","","","","","","","","","","","","","","","","","","","","","","","","","","","","","","","","","","","","","","","User Interface","","LED"
"LED3","1","6cbbe26c-d824-4e6a-8c4e-f12724b5dc52","0af5108c-175d-48c4-b0d8-7bfa45b42e47","LED","LED","","","","","","","Indicator","TRIGGER/ARM status LED","","","","","","","","","","","150060YS75000","","","","","","","","","Würth Elektronik","","","","","https://creativecommons.org/licenses/by/4.0/","","","","","","","","","Surface Mount","","","","","","","","","","","","","","","","","","","","","","","","","","","","","","","","","","","","","","","","","","","","","","","","","","","","","","","","","","","User Interface","","LED"
"LED4","1","5a74b4f6-3ef9-4272-9aec-8fbd80be7477","26f8561b-1a45-4316-b1d0-09628cf22901","Light Emitting Diodes (LED), LED0603-RD","Light Emitting Diodes (LED)","","","Extended Part","","","","Indicator","Blue USB/activity indicator; anode from LED_USB resistor, cathode to GND","","","","","","","","","","","LTST-C190TBKT","C125096","","","","","","","","LITEON(光宝)","","","","","","LED0603-RD","","","","","","","","","","","","","","","","","","","","","","","","","","","","","","","","","","","","","","","","","","","","","","","","","","","","","","","","","","","","","","","","","","","User Interface","","LED"
"Q1","1","d446b396-117f-44be-8d11-efde8adcbf12","2bef7bf7-cf6f-4fda-9db6-fe09f98855e5","MOSFETs, SOT-23-3_L2.9-W1.6-P1.90-LS2.8-BR","MOSFETs","","","Extended Part","","","","High-Side Switch","P-channel source at VBUS_PROT, drain at BL_SW, gate at BL_K","","","","","","","","","","","NCE3401","C113490","","","","","","","","NCE(无锡新洁能)","","","","","","SOT-23-3_L2.9-W1.6-P1.90-LS2.8-BR","","","","","","","","","","","","","","","","","","","","","","","","","","","","","","","","","","","","","","","","","","P-channel MOSFET","","","","","","","","","","","","","","","","","","","","","","","","","LCD and Backlight","","Q"
"Q2","1","6a46230d-ff44-4385-94b9-9c1b82df0d85","1d648272-b52c-4084-a267-ae808ed71e56","MOSFETs, SOT-23-3_L2.9-W1.3-P1.90-LS2.4-BR","MOSFETs","","","Extended Part","","","","Gate Driver","N-channel inverter; PWM high turns backlight on","","","","","","","","","","","2N7002KT1G","C116584","","","","","","","","onsemi(安森美)","","","","","","SOT-23-3_L2.9-W1.3-P1.90-LS2.4-BR","","","","","","","","","","","","","","","","","","","","","","","","","","","","","","","","","","","","","","","","","","","","","","","","","","","","","","","","","","","","","","","","","","","LCD and Backlight","","Q"
"R1,R2","2","7f312935-de19-4fc2-81b1-d721ef59316a,b724ad52-e03b-4cb4-acdd-c385a6db8b76","b67f50a9-ae5e-10ea-9c3c-d377e2ab3b2d","Resistor, 5.1kΩ, SMD_0603_1608Metric","Resistor","","","","","","","Pull Up / Down","USB-C CC2 sink Rd to GND,USB-C CC1 sink Rd to GND","","","","","","","","","","","RC0603FR-075K1L","","","","","","","","Yes","Yageo","Mouser","","","","","","","","V","","","","","","","","","","","","5.1kΩ","Chip SMD","","","","1%","","","","0.1W","","","","","","","","","","","","","","","","","","","","","","","","","","","","","","","","","","","","","","","","","","","USB and Power","SMD_0603_1608Metric","R"
"R3,R33","2","1730ded0-0690-426f-822d-61f95bc72893,75c4f298-52b7-48cd-94c9-fcb52d394e1f","b67f50a9-ae5e-10ea-9c3c-d377e2ab3b2d","Resistor, 0Ω, SMD_0603_1608Metric","Resistor","","","","","","","Net Tie,Coupling","Single-point analog-to-digital ground star connection between AGND and GND at the ADC/VDDA return area.,Fitted 0 ohm production bond from USB shield to common GND","","","","","","","","","","","RC0603JR-070RL","","","","","","","","Yes","Yageo","Mouser","","","","","","","","V","","","","","","","","","","","","0Ω","Chip SMD","","","","1%","","","","0.1W","","","","","","","","","","","","","","","","","","","","","","","","","","","","","","","","","","","","","","","","","","","Analog Front Ends,USB and Power,USB and Power","SMD_0603_1608Metric","R"
"R10,R16","2","01059df5-d4e2-4cb6-8275-45b07fb0b285,459c8650-6a51-4190-8270-954f3f30163d","b67f50a9-ae5e-10ea-9c3c-d377e2ab3b2d","Resistor, 200kΩ, SMD_1206_3216Metric","Resistor","","","","","","","Voltage Division","CH1 low arm to AGND, <=25 ppm/C,CH2 low arm to AGND, <=25 ppm/C","","","","","","","","","","","TNPW1206200KBYEA","","","","","","","","No","Vishay","Digi-Key","","","","","","","","200V","","","","","","","","","","","","200kΩ","Chip SMD","","","","100m%","","","","520mW","","","","","","","","","","","","","","","","","","","","","","","","","","","","","","","","","","","","","","","","","","","Analog CH1,Analog CH2","SMD_1206_3216Metric","R"
"R11,R17,R23,R25,R27,R5,R6","7","04a2803f-2e8c-40bb-bf14-083d023f1af5,1b87c08c-78cd-4174-956d-5685eb012ce6,37202b04-213d-41f8-8bd7-d3d27f1177b0,5787956b-2ddc-4b33-ab9c-a165d637887b,6dd9883f-f2c6-429d-9b92-6d6de7d3f8aa,ce105d6e-f9f2-4254-901f-c2c922be412f,f01d5024-c242-4c20-b8e4-774a2e9b5c4c","b67f50a9-ae5e-10ea-9c3c-d377e2ab3b2d","Resistor, 10kΩ, SMD_0603_1608Metric","Resistor","","","","","","","Current Limiting,Pull Up / Down","CH1_CLAMP to TLV9062 non-inverting input,NRST external pull-up to 3V3,SELECT active-low switch bias,MODE active-low switch bias,RUN_STOP active-low switch bias,CH2_CLAMP to TLV9062 non-inverting input,BOOT0 default-low for main-flash boot","","","","","","","","","","","RC0603FR-0710KL","","","","","","","","Yes","Yageo","Mouser","","","","","","","","V","","","","","","","","","","","","10kΩ","Chip SMD","","","","1%","","","","0.1W","","","","","","","","","","","","","","","","","","","","","","","","","","","","","","","","","","","","","","","","","","","Analog CH1,MCU Core,Debug,User Interface,Analog CH2,MCU Core","SMD_0603_1608Metric","R"
"R12,R18","2","a2ce425f-8a83-4199-8b9b-a706654a336a,da81e71f-d111-4b32-bd39-b440f30c6e9f","b67f50a9-ae5e-10ea-9c3c-d377e2ab3b2d","Resistor, 47Ω, SMD_0603_1608Metric","Resistor","","","","","","","Filtering","CH2 buffer output series isolation to ADC node; 47 Ω selected to meet ADC acquisition-settling target,CH1 buffer output series isolation to ADC node; 47 Ω selected to meet ADC acquisition-settling target","","","","","","","","","","","RC0603FR-0747RL","","","","","","","","Yes","Yageo","Mouser","","","","","","","","V","","","","","","","","","","","","47Ω","Chip SMD","","","","1%","","","","0.1W","","","","","","","","","","","","","","","","","","","","","","","","","","","","","","","","","","","","","","","","","","","Analog CH2,Analog CH1","SMD_0603_1608Metric","R"
"R13,R14,R15,R7,R8,R9","6","29f3a00b-60d6-48e3-a61c-e33adbc259e9,3ea28648-7a40-464c-8a06-4765bde6427f,42abf70c-10ef-4a76-ad21-099d57588c54,8dcafa22-4417-49d2-9df3-31fe06277387,9074de4a-1a87-4cdd-a680-480469871235,a662d1b9-fadb-4564-8514-1a9a3c297efa","b67f50a9-ae5e-10ea-9c3c-d377e2ab3b2d","Resistor, 300kΩ, SMD_1206_3216Metric","Resistor","","","","","","","Voltage Division","CH2 high arm section 1, <=25 ppm/C, >=100 V working, pulse-rated,CH1 high arm section 3, <=25 ppm/C, >=100 V working, pulse-rated,CH1 high arm section 1, <=25 ppm/C, >=100 V working, pulse-rated,CH2 high arm section 3, <=25 ppm/C, >=100 V working, pulse-rated,CH1 high arm section 2, <=25 ppm/C, >=100 V working, pulse-rated,CH2 high arm section 2, <=25 ppm/C, >=100 V working, pulse-rated","","","","","","","","","","","TNPW1206300KBYEA","","","","","","","","No","Vishay","Digi-Key","","","","","","","","200V","","","","","","","","","","","","300kΩ","Chip SMD","","","","100m%","","","","520mW","","","","","","","","","","","","","","","","","","","","","","","","","","","","","","","","","","","","","","","","","","","Analog CH2,Analog CH1","SMD_1206_3216Metric","R"
"R19","1","a1673f73-84f3-4113-a1da-f6977d527f3a","b67f50a9-ae5e-10ea-9c3c-d377e2ab3b2d","Resistor, 27Ω, SMD_2010_5025Metric","Resistor","","","","","","","Current Limiting","Provisional ERM19296-1 LEDA current-setting resistor","","","","","","","","","","","RC2010FK-0727RL","","","","","","","","No","Yageo","Mouser","","","","","","","","V","","","","","","","","","","","","27Ω","Chip SMD","","","","1%","","","","750mW","","","","","","","","","","","","","","","","","","","","","","","","","","","","","","","","","","","","","","","","","","","LCD and Backlight","SMD_2010_5025Metric","R"
"R20,R22,R4","3","2b32bfec-36b7-4a6f-ba1d-fa4d2c14e659,3d69392d-e12c-475a-a944-99076f081587,c4e259ab-6236-43b9-8e1c-d016faf371fb","b67f50a9-ae5e-10ea-9c3c-d377e2ab3b2d","Resistor, 100kΩ, SMD_0603_1608Metric","Resistor","","","","","","","Pull Up / Down","AO3401A gate to VBUS_PROT default OFF,AP7361C EN bias to VBUS_PROT,2N7002 gate to GND default OFF","","","","","","","","","","","RC0603FR-07100KL","","","","","","","","Yes","Yageo","Mouser","","","","","","","","V","","","","","","","","","","","","100kΩ","Chip SMD","","","","1%","","","","0.1W","","","","","","","","","","","","","","","","","","","","","","","","","","","","","","","","","","","","","","","","","","","LCD and Backlight,USB and Power","SMD_0603_1608Metric","R"
"R21,R24,R26,R28","4","5631285d-96af-45b1-bf95-39ed2376d7bb,666cbe8e-5dd2-4454-90c6-6ad4354aa2e0,d42fe021-92d8-4b44-9bcd-2d3043be157b,ff39c92e-1624-489e-a62a-b799c613900d","b67f50a9-ae5e-10ea-9c3c-d377e2ab3b2d","Resistor, 100Ω, SMD_0603_1608Metric","Resistor","","","","","","","Protection,Current Limiting","MODE switch node to MCU filter node,SELECT switch node to MCU filter node,MCU PWM to 2N7002 gate,RUN_STOP switch node to MCU filter node","","","","","","","","","","","RC0603FR-07100RL","","","","","","","","Yes","Yageo","Mouser","","","","","","","","V","","","","","","","","","","","","100Ω","Chip SMD","","","","1%","","","","0.1W","","","","","","","","","","","","","","","","","","","","","","","","","","","","","","","","","","","","","","","","","","","User Interface,LCD and Backlight","SMD_0603_1608Metric","R"
"R29,R30,R31,R32","4","8c8def6e-df91-47a5-85da-f2563ce0b30c,a45bf172-e1a2-47e9-9983-ebcfef5956b4,d336e5c6-0e33-4aba-8b94-5d1e279f47c9,f7b8e515-d48f-442a-b299-58a796fd1adf","b67f50a9-ae5e-10ea-9c3c-d377e2ab3b2d","Resistor, 200Ω, SMD_0603_1608Metric","Resistor","","","","","","","Current Limiting","TRIGGER/ARM indicator LED current limit,USB/activity indicator LED current limit,POWER indicator LED current limit,RUN indicator LED current limit","","","","","","","","","","","RC0603FR-07200RL","","","","","","","","Yes","Yageo","Mouser","","","","","","","","V","","","","","","","","","","","","200Ω","Chip SMD","","","","1%","","","","0.1W","","","","","","","","","","","","","","","","","","","","","","","","","","","","","","","","","","","","","","","","","","","User Interface","SMD_0603_1608Metric","R"
"SW1,SW2,SW3","3","3097051e-950d-4242-8a8d-657ff766f045,b1f269e3-ba6a-4a46-8217-65a0ab2436e9,bea9b23a-f300-46f2-b554-ecbf9adb96f2","7b50f418-6cb7-4533-bda7-3fde85e7b275","Electromechanical Components","Electromechanical Components","","","","","","","User Input","RUN_STOP button, active low with filtered MCU interface,SELECT button, active low with filtered MCU interface,MODE button, active low with filtered MCU interface","","","","","","","","","","","434123043816","","","","","","","","","Würth","","","","","","","","","","","","","","Surface Mount","","","","","","","","","","","","","","","","","","","","","","","","","","","","","","","","","","","","","","","","","","","","","","","","","","","","","","","","","","","User Interface","","S"
"TP_3V3,TP_BL_K,TP_CH1_ADC,TP_CH1_DIV,TP_CH1_IN,TP_CH2_ADC,TP_CH2_DIV,TP_CH2_IN,TP_NRST,TP_USB_DM,TP_USB_DP,TP_VBUS_PROT,TP_VBUS_RAW,TP_VDDA","14","12b95277-6b4a-41f8-8466-54296a6ccec4,19194ab4-25c4-498f-8e3a-b929f43700bc,1f7c2668-fd9d-4eac-9f5a-e75cbd9dc684,260c585a-d5b9-4003-abf3-eb7aa9baeec8,29ecfb45-582b-49c9-8ddd-dc29ba3fbed9,367e96f0-c5f9-4a7e-9c9b-e5035c1383a9,50f0273f-bb61-4c16-9941-b83f2ae20975,6ece7d82-e4dc-4f13-9065-2c0340b691f5,89d9821c-8465-455a-9411-b2d590aac93f,b0a810a7-23b7-474b-95c6-ac4dba9f4abd,d74a0ade-e1e6-41c1-8c09-4856d37f1acc,d8910eb5-b271-4e32-aa4d-b83bd807e7b7,dd5b83ef-cabd-482f-bbfd-1aab0272e9cd,ddfbaed6-13de-4660-bbb0-df458bb5df1b","b9e82415-7eba-4d2f-b996-9629e317f4c3","Connector","Connector","","","","","","","Test Point","1.0 x 1.0 mm PCB test pad on 3V3,1.0 x 1.0 mm PCB test pad on CH1_CLAMP,Explicit 1.0 x 1.0 mm low-stub exposed copper test pad on USB_DM,1.0 x 1.0 mm PCB test pad on CH1_IN,1.0 x 1.0 mm PCB test pad on VBUS_RAW,1.0 x 1.0 mm PCB test pad on BL_K,Explicit 1.0 x 1.0 mm low-stub exposed copper test pad on USB_DP,1.0 x 1.0 mm PCB test pad on CH2_CLAMP,1.0 x 1.0 mm PCB test pad on NRST,1.0 x 1.0 mm PCB test pad on VDDA,1.0 x 1.0 mm PCB test pad on CH1_ADC,1.0 x 1.0 mm PCB test pad on CH2_ADC,1.0 x 1.0 mm PCB test pad on CH2_IN,1.0 x 1.0 mm PCB test pad on VBUS_PROT","","","","","","","","","","","PCB-TESTPAD-1.0X1.0","","","","","","","","","PCB Fabricated Feature","","","","","https://creativecommons.org/licenses/by/4.0/","","","","","","","","","","","","","","","","","","","","","","","","","","","","","","","","","","","","","","","","","","","","","","","","","","","","","","","","","","","","","","","","","","","","Test Access,Test Access,USB and Power,Test Access,LCD and Backlight","","TP"
"TP_GND","1","80d7867a-61d9-4994-8c20-2e3994110231","4e1f50d8-9fc9-4084-a7bc-13f4e662f75d","Test Points/Test Rings, CONN-TH_L3.0-W1.2","Test Points/Test Rings","","","Extended Part","","","","Test Point","Clip-friendly ground loop for oscilloscope probe or lead","","","","","","","","","","","4952","C238118","","","","","","","","Keystone","","","","","","CONN-TH_L3.0-W1.2","","","","","","","","","","","","","","","","","","","","","","","","","","","","","","","","","","","","","","","","","","","","","","","","","","","","","","","","","","","","","","","","","","","Test Access","","U"
"U1","1","751b69b6-1d08-4276-b29d-c38daf75467b","06046dfc-e48d-4861-bf05-4b5ac1fd95a3","ST Microelectronics, UFQFPN-32_L5.0-W5.0-P0.50-TL-EP3.5","ST Microelectronics","","","Extended Part","","","","Microcontroller","Sillyscope control and acquisition; CH1 PA0/ADC1_IN5, CH2 PA1/ADC1_IN6","","","","","","","","","","","STM32L432KCU6","C1337280","","","","","","","","ST(意法半导体)","","","","","","UFQFPN-32_L5.0-W5.0-P0.50-TL-EP3.5","","","","","","","","","","","","","","","","","","","","","","","","","","","","","","","","","","","","","","","","","","","","","","","","","","","","","","","","","","","","","","","","parametric-v1","","","MCU Core","","U"
"U2","1","cfa57aad-b6b9-4273-8a32-4a0aa2f457c7","d8e3e4e8-8bdf-46c7-9d9c-61ccb57b00fa","Linear Voltage Regulators (LDO), SOT-89-5_L4.5-W2.5-P1.50-LS4.5-BR","Linear Voltage Regulators (LDO)","","","Extended Part","","","","Linear Regulator","Protected VBUS to 3V3 fixed LDO","","","","","","","","","","","AP7361C-33Y5-13","C460397","","","","","","","","DIODES(美台)","","","","","","SOT-89-5_L4.5-W2.5-P1.50-LS4.5-BR","","","","","","","","","","","","","","","","","","","","","","","","","","","","","","","","","","","","","","","","","","","","","","","","","","","","","","","","","","","","","","","","","","","USB and Power","","U"
"U3","1","5a99f045-a62a-47bf-b4b0-99e77a10c35e","0c616443-2289-4446-a5e1-0fedaee7d492","Operational Amplifier (OP-AMP), SOP65P490X110-8N","Operational Amplifier (OP-AMP)","","","","","","","Amplification","Dual unity-gain buffers for CH1_BUF_IN and CH2_BUF_IN; V+ on VDDA and V- on AGND","","","","","","","","","","","TLV9062IDGKR","","","","","","","","","Texas Instruments","","","","","https://creativecommons.org/licenses/by/4.0/","SOP65P490X110-8N","","","","","","","","","","","","","","","","","","","","","","","","","","","","","","","","","","","","","","","","","","","","","","","","","","","","","","","","","","","","","","","","","","","Analog Front Ends","","IC"
